ほげレース,,,
1,aaa,0,00:00:00
2,bbb,0,00:00:00
3,ccc,0,00:00:00
4,ccc,0,00:00:00
5,ccc,0,00:00:00
6,ccc,0,00:00:00
7,ccc,0,00:00:00
8,ccc,0,00:00:00
9,ccc,0,00:00:00
10,ccc,0,00:00:00
11,ccc,0,00:00:00
12,ccc,0,00:00:00
13,ccc,0,00:00:00
14,ccc,0,00:00:00
15,ccc,0,00:00:00
16,ccc,0,00:00:00
17,ccc,0,00:00:00
18,ccc,0,00:00:00
19,ccc,0,00:00:00
20,ccc,0,00:00:00
21,ccc,0,00:00:00
22,ccc,0,00:00:00
23,ccc,0,00:00:00
24,ccc,0,00:00:00
25,ccc,0,00:00:00
26,ccc,0,00:00:00
27,ccc,0,00:00:00
28,ccc,0,00:00:00
29,ccc,0,00:00:00
30,ccc,0,00:00:00
31,ccc,0,00:00:00
32,ccc,0,00:00:00
33,ccc,0,00:00:00
34,ccc,0,00:00:00
35,ccc,0,00:00:00
36,ccc,0,00:00:00
37,ccc,0,00:00:00
38,ccc,0,00:00:00
39,ccc,0,00:00:00
40,ccc,0,00:00:00
41,ccc,0,00:00:00
42,ccc,0,00:00:00
43,ccc,0,00:00:00
44,ccc,0,00:00:00
45,ccc,0,00:00:00
46,ccc,0,00:00:00
47,ccc,0,00:00:00
48,ccc,0,00:00:00
49,ccc,0,00:00:00
50,ccc,0,00:00:00
51,ccc,0,00:00:00
52,ccc,0,00:00:00
53,ccc,0,00:00:00
54,ccc,0,00:00:00
55,ccc,0,00:00:00
56,ccc,0,00:00:00
57,ccc,0,00:00:00
58,ccc,0,00:00:00
59,ccc,0,00:00:00
60,ccc,0,00:00:00
61,ccc,0,00:00:00
62,ccc,0,00:00:00
63,ccc,0,00:00:00
64,ccc,0,00:00:00
65,ccc,0,00:00:00
66,ccc,0,00:00:00
67,ccc,0,00:00:00
68,ccc,0,00:00:00
69,ccc,0,00:00:00
70,ccc,0,00:00:00
71,ccc,0,00:00:00
72,ccc,0,00:00:00
73,ccc,0,00:00:00
74,ccc,0,00:00:00
75,ccc,0,00:00:00
76,ccc,0,00:00:00
77,ccc,0,00:00:00
78,ccc,0,00:00:00
79,ccc,0,00:00:00
80,ccc,0,00:00:00
81,ccc,0,00:00:00
82,ccc,0,00:00:00
83,ccc,0,00:00:00
84,ccc,0,00:00:00
85,ccc,0,00:00:00
86,ccc,0,00:00:00
87,ccc,0,00:00:00
88,ccc,0,00:00:00
89,ccc,0,00:00:00
90,ccc,0,00:00:00
91,ccc,0,00:00:00
92,ccc,0,00:00:00
93,ccc,0,00:00:00
94,ccc,0,00:00:00
95,ccc,0,00:00:00
96,ccc,0,00:00:00
97,ccc,0,00:00:00
98,ccc,0,00:00:00
99,ccc,0,00:00:00
100,ccc,0,00:00:00
101,ccc,0,00:00:00
102,ccc,0,00:00:00
103,ccc,0,00:00:00
104,ccc,0,00:00:00
105,ccc,0,00:00:00
106,ccc,0,00:00:00
107,ccc,0,00:00:00
108,ccc,0,00:00:00
109,ccc,0,00:00:00
110,ccc,0,00:00:00
111,ccc,0,00:00:00
112,ccc,0,00:00:00
113,ccc,0,00:00:00
114,ccc,0,00:00:00
115,ccc,0,00:00:00
116,ccc,0,00:00:00
117,ccc,0,00:00:00
118,ccc,0,00:00:00
119,ccc,0,00:00:00
120,ccc,0,00:00:00
121,ccc,0,00:00:00
122,ccc,0,00:00:00
123,ccc,0,00:00:00
124,ccc,0,00:00:00
125,ccc,0,00:00:00
126,ccc,0,00:00:00
127,ccc,0,00:00:00
128,ccc,0,00:00:00
129,ccc,0,00:00:00
130,ccc,0,00:00:00
131,ccc,0,00:00:00
132,ccc,0,00:00:00
133,ccc,0,00:00:00
134,ccc,0,00:00:00
135,ccc,0,00:00:00
136,ccc,0,00:00:00
137,ccc,0,00:00:00
138,ccc,0,00:00:00
139,ccc,0,00:00:00
140,ccc,0,00:00:00
141,ccc,0,00:00:00
142,ccc,0,00:00:00
143,ccc,0,00:00:00
144,ccc,0,00:00:00
145,ccc,0,00:00:00
146,ccc,0,00:00:00
147,ccc,0,00:00:00
148,ccc,0,00:00:00
149,ccc,0,00:00:00
150,ccc,0,00:00:00
